Pool,Primer name,Primer sequence
Pool A,Trpv4_v5_1_LEFT,GTGCTGCAAATTCCTACCGGA
Pool A,Trpv4_v5_1_RIGHT,ACGGGTTTTTCTAATATTCCAGCTTAA
Pool B,Trpv4_v5_2_LEFT,AGGCAGAGAATGTAGCAACTGG
Pool B,Trpv4_v5_2_RIGHT,TTCTGTGGCTATTCCATTTTCAACT
Pool A,Trpv4_v5_3_LEFT,AAGGAGTTCCCCCTACTATGGC
Pool A,Trpv4_v5_3_RIGHT,AGCAGCTAACAGAGTTTTGCCA
Pool B,Trpv4_v5_4_LEFT,ATGGTATTTTGCTGCATGGGC
Pool B,Trpv4_v5_4_RIGHT,TGAAACATGGTTATTCTTGTCTGCA
Pool A,Trpv4_v5_5_LEFT,TCACCTCTAATGGAGATCTTACGGT
Pool A,Trpv4_v5_5_RIGHT,ACTTGGAGAGGAGAGCTCAATGA
Pool B,Trpv4_v5_6_LEFT,CCACCACCCACTCAGAAGAAAA
Pool B,Trpv4_v5_6_RIGHT,ACCAAGCCCAAATAAATCTTCTATTAACC
Pool A,Trpv4_v5_7_LEFT,TGTGGTCTCGAGAGTTTTGGAG
Pool A,Trpv4_v5_7_RIGHT,AGCAAATTTAAGCAAGCCTTGGA
Pool B,Trpv4_v5_8_LEFT,GAACCTTCAAGTCCAGCGAACC
Pool B,Trpv4_v5_8_RIGHT,TGCCAAAATTTGTTAGCGAGTCT
Pool A,Trpv4_v5_9_LEFT,CGAGGCATTGTGCGATTTGC
Pool A,Trpv4_v5_9_RIGHT,AGCGCCGTGACCATGTAAATAA
Pool B,Trpv4_v5_10_LEFT,AGTGGATGAGGCAGCAAAACAT
Pool B,Trpv4_v5_10_RIGHT,TTAACTCCACCTCCTCCTCCAG
Pool A,Trpv4_v5_11_LEFT,ATTGGTACCCCTGAGGAGTCTG
Pool A,Trpv4_v5_11_RIGHT,TGGTGCCTGTCTGATTAGTTGC
Pool B,Trpv4_v5_12_LEFT,ACTCCCAGAGATTTTCAACAATTACTAG
Pool B,Trpv4_v5_12_RIGHT,TTTCTCCAAGGTAGATCATCTGGAA
Pool A,Trpv4_v5_13_LEFT,AGAACACCATGATGCAGAGTGT
Pool A,Trpv4_v5_13_RIGHT,TGCTAACCATTCTTCTGTGCGA
Pool B,Trpv4_v5_14_LEFT,CCTGTTGCTATTGGAAATCCTGC
Pool B,Trpv4_v5_14_RIGHT,AGTCCATATTTGACAGTCATATGATAAAGG
Pool A,Trpv4_v5_15_LEFT,GCCCAAAATTGTATCAAGAACCTGT
Pool A,Trpv4_v3_17_RIGHT,AGTAATTGCGCGCAATCCATTG
Pool B,Trpv4_v3_1_LEFT,TTTCCGGCCACGTCAACTTC
Pool B,Trpv4_v3_1_RIGHT,GCAAACAGCTGTTGCAATATGC
,,
